[
    {
        "fields": {
            "genre_ids": [
                28,
                12,
                35,
                10749
            ],
            "overview": "전설의 트레저를 차지하기 위해 재벌 페어팩스(다니엘 래드클리프)는  유일한 단서를 알고 있는 베스트셀러 작가 로레타(산드라 블록)를 납치하게 된다.  어쩔 수 없는 비지니스 관계로 사라진 그녀를 찾아야만 하는 책 커버모델 앨런(채닝 테이텀)은  의문의 파트너(브래드 피트)와 함께 위험한 섬에서 그녀를 구하고 무사히 탈출해야만 하는데…  적과 자연의 위험이 도사리는 일촉즉발 화산섬.",
            "poster_path": "/8kZapNBZYGJu7AUbJVBDMmQgO1D.jpg",
            "release_date": "2022-04-20",
            "title": "로스트 시티",
            "vote_average": 6.7
        },
        "model": "rates.movierate",
        "pk": 1
    },
    {
        "fields": {
            "genre_ids": [
                28,
                878,
                14
            ],
            "overview": "희귀혈액병을 앓고 있는 생화학자 모비우스는 동료인 마르틴과 함께 치료제 개발에 몰두한다. 흡혈 박쥐를 연구하던 중 마침내 치료제 개발에 성공한 모비우스는 새 생명과 강력한 힘을 얻게 되지만, 동시에 흡혈을 하지 않고는 생명을 유지할 수 없게 된다. 그러던 중 모비우스와 같은 병을 앓고 있던 그의 친구 마일로도 모비우스와 같은 힘을 얻게 되는데…",
            "poster_path": "/8uiV88A5eB7PjMTtY6lQBUZ0Cpl.jpg",
            "release_date": "2022-03-30",
            "title": "모비우스",
            "vote_average": 6.3
        },
        "model": "rates.movierate",
        "pk": 2
    },
    {
        "fields": {
            "genre_ids": [
                28,
                12
            ],
            "overview": "평범한 삶을 살던 네이선은 인생을 바꿀 뜻밖의 제안을 받는다. 그의 미션은 크루와 함께 사라진 형과 500년 전 잃어버린 천문학적인 가치를 지닌 트레져를 찾아내는 것. 그러나 몬카다의 위협 속, 누구보다 빠르게 미지의 세계에 닿기 위해 결단을 내려야만 하는데…",
            "poster_path": "/2R8smeSDkPx6TKIRveKPXi0JVI6.jpg",
            "release_date": "2022-02-16",
            "title": "언차티드",
            "vote_average": 7.2
        },
        "model": "rates.movierate",
        "pk": 3
    },
    {
        "fields": {
            "genre_ids": [
                80,
                9648,
                53
            ],
            "overview": "지난 2년 간 고담시의 어둠 속에서 범법자들을 응징하며 배트맨으로 살아온 브루스 웨인. 알프레드와 제임스 고든 경위의 도움 아래 그는 도시의 부패한 공직자들과 고위 관료들 사이에서 복수의 화신으로 활약한다. 고담의 시장 선거를 앞두고 고담의 엘리트 집단을 목표로 잔악한 연쇄살인을 저지르는 수수께끼 킬러 리들러가 나타나자, 최고의 탐정 브루스 웨인이 수사에 나서고 남겨진 단서를 풀어가며 캣우먼, 펭귄, 카마인 팔코네, 리들러를 차례대로 만난다. 사이코 범인의 미스터리를 수사하면서 그 모든 증거가 자신을 향한 의도적인 메시지였음을 깨닫고,  리들러에게 농락 당한 배트맨은 광기에 사로잡힌다. 범인의 무자비한 계획을 막고 오랫동안 고담시를 썩게 만든 권력 부패의 고리를 끊어야 하지만, 부모님의 죽음에 얽힌 진실이 밝혀지자 복수와 정의 사이에서 갈등하는데...",
            "poster_path": "/bCz71ysciwNL2xddSm25ufrgZ7V.jpg",
            "release_date": "2022-03-01",
            "title": "더 배트맨",
            "vote_average": 7.8
        },
        "model": "rates.movierate",
        "pk": 4
    },
    {
        "fields": {
            "genre_ids": [
                14,
                28,
                12
            ],
            "overview": "끝없이 균열되는 차원과 뒤엉킨 시공간의 멀티버스가 열리며 오랜 동료들, 그리고 차원을 넘어 들어온 새로운 존재들을 맞닥뜨리게 된 닥터 스트레인지. 대혼돈 속, 그는 예상치 못한 극한의 적과 맞서 싸워야만 하는데….",
            "poster_path": "/vL5ktZauR0fZMDOHKjakb1idhuU.jpg",
            "release_date": "2022-05-04",
            "title": "닥터 스트레인지: 대혼돈의 멀티버스",
            "vote_average": 7.4
        },
        "model": "rates.movierate",
        "pk": 5
    },
    {
        "fields": {
            "genre_ids": [
                28,
                12,
                878
            ],
            "overview": "‘미스테리오’의 계략으로 세상에 정체가 탄로난 스파이더맨 ‘피터 파커’는 하루 아침에 평범한 일상을 잃게 된다. 문제를 해결하기 위해 ‘닥터 스트레인지’를 찾아가 도움을 청하지만 뜻하지 않게 멀티버스가 열리면서 각기 다른 차원의 불청객들이 나타난다. ‘닥터 옥토퍼스’를 비롯해 스파이더맨에게 깊은 원한을 가진 숙적들의 강력한 공격에 ‘피터 파커’는 사상 최악의 위기를 맞게 되는데…",
            "poster_path": "/voddFVdjUoAtfoZZp2RUmuZILDI.jpg",
            "release_date": "2021-12-15",
            "title": "스파이더맨: 노 웨이 홈",
            "vote_average": 8.1
        },
        "model": "rates.movierate",
        "pk": 6
    },
    {
        "fields": {
            "genre_ids": [
                28,
                53
            ],
            "overview": "특수부대 중사 출신 ‘제임스 하퍼’는 전역을 명 받고 법의 테두리 밖에서 국가에 충성하는 극비 조직에 합류한다. 그에게 주어진 첫번째 미션은, 전세계를 혼란에 빠뜨릴 바이러스 테러를 막는 것. 그러나, 미션 수행 도중 거대한 음모에 휘말리게 되고 충격과 위기를 겪게 되는데… 더 이상 물러설 곳은 없다.  모든 것을 건, 새로운 미션이 시작된다!",
            "poster_path": "/fZid9LbFTZV7NjM0qMwL1mPjhqu.jpg",
            "release_date": "2022-04-28",
            "title": "더 컨트랙터",
            "vote_average": 6.6
        },
        "model": "rates.movierate",
        "pk": 7
    },
    {
        "fields": {
            "genre_ids": [
                16,
                10751,
                35,
                14
            ],
            "overview": "엄마의 착한 딸, 아니면 미운 13살? 성적도 우수하고 친구들과 사이도 좋은 데다 부모와도 친밀한 관계를 유지하고 있는, 똑 부러지면서도 엉뚱한 매력의 소유자 메이는 요즘 질풍노도의 시기를 겪느라 고민이 많다. 이 나이에 엄마의 과잉보호를 받자니 스트레스가 이만저만이 아닌 데다, 관심사, 인간관계, 신체 등 그녀의 모든 것이 변하고 있기 때문. 그런데 이 와중에 흥분하면 거대한 레서판다로 변신하는 비밀까지 떠안게 되다니! 아침도 먹어야 하고 학교도 가야 하는데, 이 엄청난 비밀을 어떻게 숨겨야 할까?",
            "poster_path": "/hsOhOcX7qDy7bPwbrt1OoITngrf.jpg",
            "release_date": "2022-03-11",
            "title": "메이의 새빨간 비밀",
            "vote_average": 7.5
        },
        "model": "rates.movierate",
        "pk": 8
    },
    {
        "fields": {
            "genre_ids": [
                878,
                12,
                28
            ],
            "overview": "궤도를 이탈한 달이 지구를 향해 떨어지기 시작하면서 지구의 중력과 모든 물리적인 법칙이 붕괴된다. 거대한 해일과 지진, 화산폭발, 쓰나미와 이상기후까지 상상조차 불가능했던 모든 재난으로 전 세계는 공포와 혼란에 빠진다. 달과 충돌까지 남은 시간은 단 30일. NASA 연구원 파울러, 전직 우주 비행사 브라이언, 그리고 우주 덕후 KC는 달을 막을 방법을 찾기 위해 마지막 우주선에 오른다.",
            "poster_path": "/2xmJCxrt5t2dFhvwvmxZ5Cy577j.jpg",
            "release_date": "2022-03-16",
            "title": "문폴",
            "vote_average": 6.5
        },
        "model": "rates.movierate",
        "pk": 9
    },
    {
        "fields": {
            "genre_ids": [
                28,
                53,
                80
            ],
            "overview": "인생 역전을 위해 완벽한 범죄를 설계한 형 대니와 아내의 수술비를 마련해야만 하는 동생 윌, 함께 자랐지만 서로 다른 인생을 살아온 두 형제는 각기 다른 목적을 위해 인생을 바꿀 위험한 계획에 뛰어들게 된다. 그러나 한 순간의 잘못된 선택으로 인해 모든 계획이 틀어지게 된 두 형제는 구급대원 캠과 부상당한 경찰이 탑승한 앰뷸런스를 탈취해 LA 역사상 가장 위험한 질주를 하게 되는데....",
            "poster_path": "/t28iy60uX4sRZhKo2MMxCKyQw1a.jpg",
            "release_date": "2022-04-06",
            "title": "앰뷸런스",
            "vote_average": 7
        },
        "model": "rates.movierate",
        "pk": 10
    },
    {
        "fields": {
            "genre_ids": [
                28,
                12,
                14,
                878
            ],
            "overview": "오만함과 실력 모두 최고인 신경외과 의사 닥터 스티븐 스트레인지는 운전 중에 핸드폰을 한 대가로 두 손의 신경이 끊어지는 심각한 부상을 입고 큰 상심에 빠진다. 게다가 모난 말들로 사랑하는 여인 크리스틴 팔머마저 그의 곁을 떠나게 만든다. 그는 치료를 위해 히말라야의 영적 지도자, 에인션트 원을 만나 마지막 희망을 걸고 수련을 시작한다. 스트레인지는 빠르게 마법을 터득해 나가는 동시에 세계의 작동원리와 우주를 정복하려는 도르마무 일당의 계략을 알게 된다.",
            "poster_path": "/xA7ic72L0mejJX1SYMU38F7wwiF.jpg",
            "release_date": "2016-10-26",
            "title": "닥터 스트레인지",
            "vote_average": 7.4
        },
        "model": "rates.movierate",
        "pk": 11
    },
    {
        "fields": {
            "genre_ids": [
                16,
                35,
                10751,
                14
            ],
            "overview": "콜롬비아의 깊은 산 속, 놀라운 마법과 활기찬 매력이 넘치는 세계 엔칸토. 이곳을 만든 장본인은 마드리갈 가문의 기둥인 알마 할머니(마리아 세실리아 보테로)다. 그녀는 젊었을 때 세 쌍둥이를 데리고 이곳으로 오던 중에 위기를 맞았다. 그때 그녀가 들고 있던 촛불에 기적이 일어났고 그이후로 마법의 능력이 손주 세대까지 대물림된다. 3대에 걸친 이대가족은 음식으로 병을 고치는 능력, 꽃을 피우는 능력, 날씨를 조종 하는 능력 등 저마다 독특한 능력을 지니게 됐다. 하지만 가족 중 유일하게 미라벨(스테퍼니 비어트리즈)만 아무런 능력이 없다. 어느 날 엔칸토가 지닌 마법의 힘이 위험에 처하고 가족들은 점차 자신의 능력을 잃어가기 시작한다. 이를 감지한 미라벨은 유일하게 평범한 자신이 특별한 이 가족의 마지막 희망일지 모른다고 생각하는데...",
            "poster_path": "/b8gz7UKMwMz39mz6EH5Jjicjdth.jpg",
            "release_date": "2021-11-24",
            "title": "엔칸토: 마법의 세계",
            "vote_average": 7.7
        },
        "model": "rates.movierate",
        "pk": 12
    },
    {
        "fields": {
            "genre_ids": [
                28
            ],
            "overview": "비밀공작팀과 팀의 악명 높은 리더를 감찰하기 위해 위험천만한 도시로 날아간 검사. 정직하게 살아온 그가 스파이들 사이의 치명적인 전쟁 속으로 뛰어든다.",
            "poster_path": "/nOYyuJ2mNo6RWsFsTwApEyG3F4J.jpg",
            "release_date": "2022-04-08",
            "title": "야차",
            "vote_average": 6.2
        },
        "model": "rates.movierate",
        "pk": 13
    },
    {
        "fields": {
            "genre_ids": [
                16,
                10751,
                14,
                35,
                12
            ],
            "overview": "드락이 트랜실베니아 호텔을 딸 마비스와 사위 조니에게 넘길려고 한다.  그런데 조니의 형편없는 호텔 계획을 들은 드락은 걱정을 한다.  드라은 인간인 조니에게 오직 몬스터만 호텔 사업을 이끌어 갈 수 있다고 장난을 친다.  그러자 조니는 몬스터가 되기로 결심하고,  반헬싱의 신비한 발명품인 '몬스터피케이션 레이'가 엉망이 되면서  조이는 몬스터가 됐지만, 드락과 그의 친구들은 인간으로 변하게 된다.  과연, 드락과 조니는 그들이 저지른 실수들을 바로 잡을 수 있을까?",
            "poster_path": "/6zt5l4DYV1kLPL5Vqz1kLq3THXD.jpg",
            "release_date": "2022-01-14",
            "title": "몬스터 호텔 4: 뒤바뀐 세계",
            "vote_average": 7.1
        },
        "model": "rates.movierate",
        "pk": 14
    },
    {
        "fields": {
            "genre_ids": [
                28,
                12,
                35,
                878
            ],
            "overview": "시간 여행 중 2022년에 불시착한 전투기 파일럿 애덤 리드. 그가 12살 시절의 자기 자신과 한 팀이 되어 미래를 구하는 임무에 나선다.",
            "poster_path": "/wFjboE0aFZNbVOF05fzrka9Fqyx.jpg",
            "release_date": "2022-03-11",
            "title": "애덤 프로젝트",
            "vote_average": 7.1
        },
        "model": "rates.movierate",
        "pk": 15
    },
    {
        "fields": {
            "genre_ids": [
                28,
                12,
                14
            ],
            "overview": "1930년대, 제2차 세계대전에 마법사들이 개입하게 되면서 강력한 어둠의 마법사 그린델왈드의 힘이 급속도로 커진다. 덤블도어는 뉴트 스캐맨더에게 위대한 마법사 가문 후손, 마법학교의 유능한 교사, 머글 등으로 이루어진 팀에게 임무를 맡긴다. 이에 뉴트와 친구들은 머글과의 전쟁을 선포한 그린델왈드와 추종자들, 그의 위험한 신비한 동물들에 맞서 세상을 구할 거대한 전쟁에 나선다. 한편 전쟁의 위기가 최고조로 달한 상황 속에서 덤블도어는 더 이상 방관자로 머물 수 없는 순간을 맞이하고, 서서히 숨겨진 비밀이 드러나는데...",
            "poster_path": "/uvQbXjMgC5weQepx4jLJJ60H3N0.jpg",
            "release_date": "2022-04-13",
            "title": "신비한 동물들과 덤블도어의 비밀",
            "vote_average": 6.7
        },
        "model": "rates.movierate",
        "pk": 16
    },
    {
        "fields": {
            "genre_ids": [
                28,
                53
            ],
            "overview": "언더커버 요원들을 관리하는 FBI 비공식 요원 ‘트래비스’(리암 니슨)는  한 요원의 사망으로 조직의 충격적인 비밀과 마주한다!  추악한 악행을 멈출 수 있는 사람은 오직 하나!  모든 걸 끝내기 위한 그의 마지막 미션이 시작된다!",
            "poster_path": "/4S09SjrU5vL6zK0FbDY3YnxtmR3.jpg",
            "release_date": "2022-03-09",
            "title": "블랙라이트",
            "vote_average": 6.2
        },
        "model": "rates.movierate",
        "pk": 17
    },
    {
        "fields": {
            "genre_ids": [
                16,
                28,
                12,
                14
            ],
            "overview": "혈귀로 변해버린 여동생 네즈코를 인간으로 되돌릴 단서를 찾아 비밀조직 귀살대에 들어간 탄지로. 젠이츠, 이노스케와 새로운 임무 수행을 위해 무한열차에 탑승 후 귀살대 최강 검사 염주 렌고쿠와 합류한다. 달리는 무한열차에서 승객들이 하나 둘 흔적 없이 사라지자 숨어있는 식인 혈귀의 존재를 직감하는 렌고쿠. 귀살대 탄지로 일행과 최강 검사 염주 렌고쿠는 어둠 속을 달리는 무한열차에서 모두의 목숨을 구하기 위해 예측불가능한 능력을 가진 혈귀와 목숨을 건 혈전을 시작하는데...",
            "poster_path": "/m2FNRngyJMyxLatBMJR8pbeG2v.jpg",
            "release_date": "2021-01-27",
            "title": "귀멸의 칼날 극장판 무한열차편",
            "vote_average": 8.4
        },
        "model": "rates.movierate",
        "pk": 18
    },
    {
        "fields": {
            "genre_ids": [
                16,
                35,
                10751,
                10402
            ],
            "overview": "대국민 오디션 이후 각자의 자리에서 꿈을 이루고 있는 버스터 문(매튜 맥커너히)과 크루들에게 레드 쇼어 시티에서 전 세계가 주목하는 사상 최고의 쇼가 펼쳐진다는 소식이 들려오고 버스터 문과 크루들은 도전에 나선다. 그러나 최고의 스테이지에 서기 위한 경쟁은 이전과는 비교도 할 수 없을 만큼 치열하고, 버스터 문은 완벽한 라이브를 위해 종적을 감춘 레전드 뮤지션 클레이(보노)를 캐스팅하겠다는 파격 선언을 하는데!",
            "poster_path": "/xe8dVB2QiCxLWFV77V4dpZcOvYB.jpg",
            "release_date": "2022-01-05",
            "title": "씽2게더",
            "vote_average": 8.1
        },
        "model": "rates.movierate",
        "pk": 19
    },
    {
        "fields": {
            "genre_ids": [
                878,
                28,
                12
            ],
            "overview": "‘베놈'과 완벽한 파트너가 된 ‘에디 브록' 앞에 ‘클리터스 캐서디'가 ‘카니지'로 등장, 앞으로 닥칠 대혼돈의 세상을 예고한다. 대혼돈의 시대가 시작되고, 악을 악으로 처단할 것인가?",
            "poster_path": "/1Lh9LER4xRQ3INFFi2dfS2hpRwv.jpg",
            "release_date": "2021-10-13",
            "title": "베놈 2: 렛 데어 비 카니지",
            "vote_average": 7
        },
        "model": "rates.movierate",
        "pk": 20
    },
    {
        "fields": {
            "genre_ids": [
                878,
                28,
                12
            ],
            "overview": "이터널스는 7천년 전 우주선 도모를 타고 지구에 온 순간부터 지구를 사랑한 히어로들이다. 이들의 임무는 기괴한 크리처 데비안츠에게서 인간을 지키는 것. 임무를 부여한 이는 그들을 탄생시킨 천상의 존재 셀레스티얼이다. 이터널스는 시간의 흐름을 느낄 수 없기에, 공간을 기준 삼아 연대기를 구성하는 뱀파이어처럼 세계 곳곳에 흩어져 자신만의 삶을 살아가고 있다. 물질을 변화시키는 세르시는 런던에서 박물관 학자가 됐고, 우주의 기운을 총처럼 쏘는 킹고는 발리우드 배우로 살며, 타인을 조종하는 드루이그는 아마존에 소국을 만들었다. 괴력의 소유자 길가메시는 호주 사막에서 정신 건강이 위험해진 테나를 돌보며 살고 있다. 세르시는 데비안츠의 공세가 심해지자 오랜 연인 이카리스, 소녀처럼 보이는 불멸의 존재 스프라이트와 함께 이터널스를 불러모으기 시작한다.",
            "poster_path": "/aNtAP8ZzUMdnCPoqYgVOcgI0Eh4.jpg",
            "release_date": "2021-11-03",
            "title": "이터널스",
            "vote_average": 7.1
        },
        "model": "rates.movierate",
        "pk": 21
    },
    {
        "fields": {
            "genre_ids": [
                28,
                12,
                14,
                878
            ],
            "overview": "초인적인 능력을 가진 텐 링즈의 힘으로 수세기 동안 어둠의 세상을 지배해 온 웬우. 샹치는 아버지 웬우 밑에서 암살자로 훈련을 받았지만 이를 거부하고 평범함 삶을 선택한다. 샌프란시스코로 떠나와 자신의 진짜 이름을 숨긴 채 션이란 가명으로 살아가는 샹치. 웬우가 수장으로 있는 조직 텐 링즈의 일원인 레이저 피스트가 찾아와 샹치의 펜던트를 훔쳐가자 샹치는 친구 케이티와 함께 연이 끊겼던 동생 샤링을 염려하며 그녀가 숨어 지내는 마카오로 찾아간다. 텐 링즈의 마법 같은 힘을 통해 수천년 동안 지구의 역사를 혼란에 빠뜨렸던 웬우는 자신의 아들딸을 다시 불러들여 새로운 계략을 꾸민다.",
            "poster_path": "/14L4NGrqO4r7gJtVRiSRP5rNsL5.jpg",
            "release_date": "2021-09-01",
            "title": "샹치와 텐 링즈의 전설",
            "vote_average": 7.7
        },
        "model": "rates.movierate",
        "pk": 22
    },
    {
        "fields": {
            "genre_ids": [
                16,
                35,
                12,
                10751
            ],
            "overview": "베이비 주식회사의 레전드 보스 베이비에서 인생 만렙 CEO가 된 `테드`. 베이비인 줄 알았던 조카 `티나`가 알고 보니 베이비 주식회사 소속이라니! 뉴 보스 베이비 `티나`의 지시로 `테드`는 형과 함께 다시 베이비로 돌아가야만 하는데…",
            "poster_path": "/zGaeo3fNXCcnttUQMgZr1FW0t4V.jpg",
            "release_date": "2021-07-21",
            "title": "보스 베이비 2",
            "vote_average": 7.6
        },
        "model": "rates.movierate",
        "pk": 23
    },
    {
        "fields": {
            "genre_ids": [
                28,
                12,
                53,
                10752,
                9648
            ],
            "overview": "역사상 최악의 폭군들과 범죄자들이 모여 수백만 명을 학살하기 위한  전쟁을 모의하는 급박한 상황 속, 그들을 막아야 하는 한 사람이 있다. 비밀에 쌓여 있던 독립 정보 기관 ‘킹스맨’의 탄생을 확인하라!",
            "poster_path": "/vOai6V9hsIqZu15zDKydPmzu4EN.jpg",
            "release_date": "2021-12-22",
            "title": "킹스맨: 퍼스트 에이전트",
            "vote_average": 6.9
        },
        "model": "rates.movierate",
        "pk": 24
    },
    {
        "fields": {
            "genre_ids": [
                10751,
                12,
                35,
                14
            ],
            "overview": "뉴욕의 아파트로 이사 온 12살 소녀 에밀리. 새로운 학교에 고군분투하는 에밀리를 바쁜 엄마는 출장을 가면서 철없는 삼촌 케이시에게 맡기고 떠난다.  마법 동물 구조 센터를 지나던 에밀리는 운명처럼 작고 빨간 강아지를 만나게 되고, 우여곡절 끝에 함께하게 된다. 하지만 기쁨도 잠시, 작고 빨간 강아지 클리포드는 하루 아침에 3M가 넘게 커져버려 순식간에 뉴욕의 유명인사가 되어버린다. 엄마가 오기 전 클리포드를 되돌리려는 에밀리와 클리포드를 유전학 사업에 이용하려는 기업까지 뒤쫓으며 클리포드는 위험에 빠지고 마는데..!",
            "poster_path": "/mJwwkMKeR5XgHwexw9SJa6CiZY2.jpg",
            "release_date": "2021-12-29",
            "title": "클리포드 더 빅 레드 독",
            "vote_average": 7.3
        },
        "model": "rates.movierate",
        "pk": 25
    },
    {
        "fields": {
            "genre_ids": [
                14,
                35,
                12
            ],
            "overview": "할아버지의 갑작스런 죽음으로 이사하게 된 트레버, 피비 남매는 남겨진 집에서 의문의 현상과 수상한 물건들을 마주한다. 집뿐 아니라 마을 전체가 설명할 수 없는 미스터리한 현상이 연이어 발생하는 가운데, 교사로 위장 취업한 지질학자 그루버슨과 이들은 세상의 종말과 관련된 비밀을 쫓기 시작하는데…",
            "poster_path": "/in2aUEUaFxBJZniu9qZh5P9s1Tw.jpg",
            "release_date": "2021-12-01",
            "title": "고스트 버스터즈 라이즈",
            "vote_average": 7.7
        },
        "model": "rates.movierate",
        "pk": 26
    },
    {
        "fields": {
            "genre_ids": [
                28,
                12,
                14,
                878
            ],
            "overview": "가까운 미래, 지구는 에너지 고갈 문제를 해결하기 위해 머나먼 행성 판도라에서 대체 자원을 채굴하기 시작한다. 하지만 판도라의 독성을 지닌 대기로 인해 자원 획득에 어려움을 겪게 된 인류는 판도라의 토착민 나비의 외형에 인간의 의식을 주입, 원격 조종이 가능한 새로운 생명체를 탄생시키는 프로그램을 개발한다. 한편 하반신이 마비된 전직 해병대원 제이크 설리는 아바타 프로그램에 참가할 것을 제안받는다. 그 곳에서 자신의 아바타를 통해 자유롭게 걸을 수 있게 된 제이크는 자원 채굴을 막으려는 나비의 무리에 침투하라는 임무를 부여받는데...",
            "poster_path": "/zygmx5abXeDpr3fWYX4jlXFZ1wh.jpg",
            "release_date": "2010-08-26",
            "title": "아바타",
            "vote_average": 7.5
        },
        "model": "rates.movierate",
        "pk": 27
    },
    {
        "fields": {
            "genre_ids": [
                12,
                28,
                14
            ],
            "overview": "부두교의 주술을 부리던  검은 수염은 다리가 한쪽인 남자에게 죽게 된다는 예언을 듣게 된다. 자신의 수명을 늘리기 위해 검은 수염은 젊음의 샘을 찾으러 떠나고, 바르보사 또한 검은수염에게 복수를 하기 위해 그를 뒤쫒는다. 한편 영국에서 블랙펄의 선장이 선원을 모집한다는 소문을 듣게 된 잭 스패로우는 자신을 사칭하는 사기꾼을 잡으려다 영국 왕실에 체포되고, 영국의 국왕은 잭 스패로우에게 젊음의 샘으로 가는 길을 안내하라고 명령하고, 이에 필요한 선장과 배, 선원을 모두 내 주겠다고 하는데...",
            "poster_path": "/osJVVjkHmoO5WoJfbBsImYrKWIb.jpg",
            "release_date": "2011-05-19",
            "title": "캐리비안의 해적: 낯선 조류",
            "vote_average": 6.5
        },
        "model": "rates.movierate",
        "pk": 28
    },
    {
        "fields": {
            "genre_ids": [
                12,
                14,
                28
            ],
            "overview": "잭 스패로우는 블랙펄을 되찾아 포트 로열을 떠났지만 그를 기다리는 것은 수평선만이 아니었다. 유령선 플라잉 더치맨의 선장 데이비 존스는 잭이 자신에게 피로 진 빚이 있다면서 빚을 갚거나 영혼을 내놓으라고 요구한다. 불행 중 다행한 것은 잭에게 피의 빚 외에도 중매의 은총이 있었다는 것. 결혼을 앞둔 윌 터너와 엘리자베스 스완은 만사를 제쳐두고 옛 친구를 도우러 온다. 잭을 구할 수 있는 단 한 가지 방법은 세상 끝에 있다는 망자의 함을 찾는 것 뿐인데...",
            "poster_path": "/6tD4oT7C01aZLVfoZDz5VFVbJCi.jpg",
            "release_date": "2006-07-06",
            "title": "캐리비안의 해적: 망자의 함",
            "vote_average": 7.3
        },
        "model": "rates.movierate",
        "pk": 29
    },
    {
        "fields": {
            "genre_ids": [
                28,
                878,
                35,
                10751
            ],
            "overview": "소리보다 빠른 초고속 고슴도치 히어로 '소닉'은 지구에 불시착한다. 그의 특별한 능력을 감지한 과학자 ‘닥터 로보트닉’은 세계 정복의 야욕을 채우려 하고, 경찰관 ‘톰’은 위험에 빠진 ‘소닉’을 돕기 위해 나서는데…! 과연, ‘소닉'은 천재 악당에 맞서 지구를 지킬 수 있을까?",
            "poster_path": "/pMXOlasWr1IzHGH8HWw1ZTXs6rQ.jpg",
            "release_date": "2020-02-12",
            "title": "수퍼 소닉",
            "vote_average": 7.4
        },
        "model": "rates.movierate",
        "pk": 30
    },
    {
        "fields": {
            "genre_ids": [
                12,
                14,
                28
            ],
            "overview": "잭 스패로우는 10년 전의 반란 사건으로 자신의 배 블랙펄을 빼앗긴 해적 선장이다. 혼자 대양을 떠돌던 그는 자메이카의 로열포트에 이르러 유령선처럼 변해버린 블랙펄과 재회하게 된다. 아즈텍의 황금을 훔친 블랙펄의 선원들은 영원히 죽지 못하는 저주에 걸린 처지. 보물을 모두 제자리에 돌려놓고 피의 제물을 바쳐야만 고대 신들이 내린 저주를 풀 수 있다. 그들은 로열포트를 습격해 아즈텍의 마지막 목걸이를 가진 총독의 딸 엘리자베스를 납치하고, 엘리자베스를 사랑하는 어린 시절 친구 윌과 스패로우는 그 뒤를 쫓는데...",
            "poster_path": "/3ovejwQO4fKOWx4VgGBJeT8CKCn.jpg",
            "release_date": "2003-09-10",
            "title": "캐리비안의 해적: 블랙펄의 저주",
            "vote_average": 7.8
        },
        "model": "rates.movierate",
        "pk": 31
    },
    {
        "fields": {
            "genre_ids": [
                10752,
                36,
                18
            ],
            "overview": "사상 최대의 인명 피해를 낳은 제2차 세계대전, 연합군과 추축군은 전쟁을 승리로 이끌 교두보 시칠리아를 두고 팽팽한 대립을 펼친다. 하지만 추축군 독일의 위세가 상당해 시칠리아에는 이미 추축군 병력 무려 23만 명이 주둔해 있던 상황! 연합군은 해군 정보장교 이웬 몬태규와 찰스 첨리를 주축으로 전쟁의 승기를 잡을 단 한 번의 민스미트 작전을 계획하는데…",
            "poster_path": "/hPNb2m2jgchIpAoyGauol3wZHub.jpg",
            "release_date": "2022-05-12",
            "title": "민스미트 작전",
            "vote_average": 6.7
        },
        "model": "rates.movierate",
        "pk": 32
    },
    {
        "fields": {
            "genre_ids": [
                28,
                35,
                80,
                53
            ],
            "overview": "인터폴이 중범죄 피의자를 대상으로 내리는 전 세계적 경보인 레드 노티스. 세계 곳곳에서 지명 수배범을 추적하고 체포하는 것이 그 목적이다. 어느 날 초유의 도난 사건이 발생하고, 그로 인해 FBI 최고의 프로파일러(드웨인 존슨)가 라이벌 관계의 두 범죄자(갤 가돗, 라이언 레이놀즈)와 만나면서 모든 게 엇나가기 시작한다. 늘 한발 앞서 도망치는 사기꾼을 잡기 위해 그들은 어쩔 수 없이 싫어도 이를 악물고 힘을 합쳐야 한다. 이제 무슨 일이 일어날지 그 누구도 장담할 수 없다.",
            "poster_path": "/gG06Uu6UQseYaPx1RU2PQjFEUKK.jpg",
            "release_date": "2021-11-12",
            "title": "레드 노티스",
            "vote_average": 6.8
        },
        "model": "rates.movierate",
        "pk": 33
    },
    {
        "fields": {
            "genre_ids": [
                12,
                28,
                878
            ],
            "overview": "타노스는 6개의 인피니티 스톤을 획득해 신으로 군림하려 한다. 그것은 곧 인류의 절반을 학살해 우주의 균형을 맞추겠다는 뜻. 타노스는 닥터 스트레인지가 소유한 타임 스톤, 비전의 이마에 박혀 있는 마인드 스톤을 차지하기 위해 지구를 침략한다. 아이언맨과 스파이더맨은 가디언즈 오브 갤럭시의 멤버들과 타노스를 상대한다. 지구에선 캡틴 아메리카, 완다, 블랙 위도우, 블랙 팬서 등이 비전을 지키기 위해 뭉친다.",
            "poster_path": "/kmP6viwzcEkZeoi1LaVcQemcvZh.jpg",
            "release_date": "2018-04-26",
            "title": "어벤져스: 인피니티 워",
            "vote_average": 8.3
        },
        "model": "rates.movierate",
        "pk": 34
    },
    {
        "fields": {
            "genre_ids": [
                878,
                28,
                12
            ],
            "overview": "토마스 앤더슨은 자신의 현실이 물리적 구성개념인지 아니면 정신적 구성개념인지 알아내기 위해 이번에도 흰 토끼를 따라가야 한다. 토마스, 아니 네오가 배운 게 있다면 비록 환상이라 할지라도 선택이야말로 매트릭스를 탈출할 유일한 길이라는 것이다. 물론 네오는 무엇을 해야 할지 이미 알고 있다. 그가 아직 모르는 사실은 이 새로운 버전의 매트릭스가 그 어느 때보다도 강력하고, 확고부동하고, 위험하다는 것이다.  평범한 일상과 그 이면에 놓여 있는 또 다른 세계, 두 개의 현실이 존재하는 세상에서 운명처럼 인류를 위해 다시 깨어난 구원자 네오. 빨간 약과 파란 약 중 어떤 것을 선택할 것인가?",
            "poster_path": "/AvWlbyLk32HdvSrrSTYpjmXHEXC.jpg",
            "release_date": "2021-12-22",
            "title": "매트릭스: 리저렉션",
            "vote_average": 6.7
        },
        "model": "rates.movierate",
        "pk": 35
    },
    {
        "fields": {
            "genre_ids": [
                12,
                14,
                28
            ],
            "overview": "윌 터너와 엘리자베스 스완, 바르보사 선장은 바다괴물 크라켄에 잡아먹힌 잭 스패로우를 구하는 데 도움을 얻기 위해 싱가포르의 해적 사오펭을 찾아간다. 이들은 잭 스패로우가 있어야만 해적연맹의 아홉 영주를 모아 연합함대를 구성할 수 있고, 해적 소탕에 쌍심지를 켠 동인도회사에 맞설 수 있다. 동인도회사의 커틀러 베켓 경은 유령선 플라잉 더치맨과 그 선장 데비 존스를 수하에 거느리게 된 터. 이 힘이 막강해서, 해적 연합함대는 다시 바다의 여신 칼립소에게 도움을 요청하기로 한다.",
            "poster_path": "/bTotG6tZERQqfKr2TDjwdjW8It4.jpg",
            "release_date": "2007-05-23",
            "title": "캐리비안의 해적: 세상의 끝에서",
            "vote_average": 7.2
        },
        "model": "rates.movierate",
        "pk": 36
    },
    {
        "fields": {
            "genre_ids": [
                35,
                80,
                12
            ],
            "overview": "재능은 있지만 밑바닥 인생을 살던 에스텔라는 우여곡절 끝에 런던에 오게 된다. 그곳에서 운명처럼 재스퍼와 호레이스를 만난 에스텔라는 뛰어난 패션 감각을 이용해 완벽한 변장과 빠른 손놀림으로 런던 거리를 싹쓸이한다. 도둑질이 지겹게 느껴질 때 쯤, 꿈에 그리던 리버티 백화점에 들어가게 된 에스텔라. 그곳에서 런던 패션계를 꽉 쥐고 있는 남작 부인을 만나 충격적 사건을 겪게 되며, 에스텔라는 런던 패션계를 발칵 뒤집을 파격 아이콘 크루엘라로 새롭게 태어나게 되는데...",
            "poster_path": "/ejnSfKiUgqyiqdiLMc1wGAwvyTN.jpg",
            "release_date": "2021-05-26",
            "title": "크루엘라",
            "vote_average": 8.2
        },
        "model": "rates.movierate",
        "pk": 37
    },
    {
        "fields": {
            "genre_ids": [
                28,
                18
            ],
            "overview": "최고의 파일럿이자 전설적인 인물 매버릭은 자신이 졸업한 훈련학교 교관으로 발탁된다. 그의 명성을 모르던 팀원들은 매버릭의 지시를 무시하지만 실전을 방불케 하는 상공 훈련에서 눈으로 봐도 믿기 힘든 전설적인 조종 실력에 모두가 압도된다. 매버릭의 지휘 아래 견고한 팀워크를 쌓아가던 팀원들에게 국경을 뛰어넘는 위험한 임무가 주어지자 매버릭은 자신이 가르친 동료들과 함께 마지막이 될지 모를 하늘 위 비행에 나서는데…",
            "poster_path": "/jMLiTgCo0vXJuwMzZGoNOUPfuj7.jpg",
            "release_date": "2022-06-22",
            "title": "탑 건: 매버릭",
            "vote_average": 8
        },
        "model": "rates.movierate",
        "pk": 38
    },
    {
        "fields": {
            "genre_ids": [
                16,
                35,
                10751,
                14
            ],
            "overview": "이탈리아 리비에라의 해변 마을. 마을 사람들 사이엔 인근에 바다괴물이 산다는 전설이 떠돈다. 실제로 바다에는 루카(제이콥 트렘블레이)를 비롯한 바다괴물 가족들이 산다. 루카의 부모는 루카에게 바다 밖을 경계하라 이르지만, 루카는 기어이 바다 밖 세상으로 향한다. 루카는 육지에선 인간의 모습으로 변하지만 물에 닿으면 바다괴물의 모습으로 돌아간다. 바다괴물 친구이자 육지 생활 선배인 알베르토(잭 딜런 그레이저)는 루카에게 두 다리로 걷는 법부터 자유와 일탈의 짜릿함까지 맛보게 한다. 급기야 인간 마을로 들어간 둘은 줄리아(엠마 버만)와 친구가 돼 함께 수영, 사이클, 파스타 빨리 먹기 3종 대회에 참가하는데...",
            "poster_path": "/cgQMmwPtSInmIvoQLJhoByBelGA.jpg",
            "release_date": "2021-06-17",
            "title": "루카",
            "vote_average": 7.9
        },
        "model": "rates.movierate",
        "pk": 39
    },
    {
        "fields": {
            "genre_ids": [
                28,
                14,
                12
            ],
            "overview": "어스렐름와 아웃월드의 최강 챔피언들이 지구의 운명을 걸고 벌이는 서바이벌 대혈전 모탈 컴뱃. MMA 격투 선수 콜 영은 대전을 앞두고 선택 받은 전사들을 사전에 제거하려는 서브제로의 공격을 받는다. 지구와 가족을 보호하고 자기 혈통의 비밀을 알아내기 위해 모탈 컴뱃 토너먼트에 참가해 죽음의 전투를 치러야 한다!",
            "poster_path": "/yvcNQv8fth51nWuaLwfpr50IRiO.jpg",
            "release_date": "2021-04-08",
            "title": "모탈 컴뱃",
            "vote_average": 7.2
        },
        "model": "rates.movierate",
        "pk": 40
    },
    {
        "fields": {
            "genre_ids": [
                35,
                28,
                12,
                878
            ],
            "overview": "평범한 직장, 절친 그리고 한 잔의 커피.  평화로운 일상 속 때론 총격전과 날강도가 나타나는 버라이어티한 ‘프리시티’에 살고 있는 ‘가이’. 그에겐 뭐 하나 부족한 것이 없었다. 우연히 마주친 그녀에게 한눈에 반하기 전까지는…  갖은 노력 끝에 다시 만난 그녀는 ‘가이’가 비디오 게임 ‘프리시티’에 사는 배경 캐릭터이고, 이 세상은 곧 파괴될 거라 경고한다. 혼란에 빠진 ‘가이’ 그러나 그는 ‘프리시티’의 파괴를 막기 위해 더 이상 배경 캐릭터가 아닌, 히어로가 되기로 결심한다.",
            "poster_path": "/sEYyQ4lW43jg77yTiTSRUNVdtMc.jpg",
            "release_date": "2021-08-11",
            "title": "프리 가이",
            "vote_average": 7.7
        },
        "model": "rates.movierate",
        "pk": 41
    },
    {
        "fields": {
            "genre_ids": [
                16,
                878,
                10751,
                35
            ],
            "overview": "최첨단 소셜 AI 로봇 비봇이 모든 아이들의 친구가 되는 세상. 비봇을 갖는 것이 유일한 소원인 소심한 소년 바니에게도 드디어 론이라는 비봇이 생겼다. 그러나 첨단 디지털 기능과 소셜 미디어로 연결된 다른 비봇들과는 달리, 네트워크 접속이 불가능한 고장난 론. 자유분방하고 엉뚱한 론으로 인해 벌어지는 엉망진창, 스릴 넘치는 모험을 함께하며 바니는 진실한 우정이 무엇인지 점점 깨닫게 되는데..",
            "poster_path": "/ljYdrF1faaWbzcrZuQ6BTqfVHcS.jpg",
            "release_date": "2021-10-27",
            "title": "고장난 론",
            "vote_average": 8.1
        },
        "model": "rates.movierate",
        "pk": 42
    },
    {
        "fields": {
            "genre_ids": [
                12,
                28,
                878,
                53
            ],
            "overview": "공룡들의 터전이었던 이슬라 누블라 섬이 파괴된 후,  마침내 공룡들은 섬을 벗어나 세상 밖으로 출몰한다. 지상에 함께 존재해선 안 될 위협적 생명체인 공룡의 등장으로 인류 역사상 겪어보지 못한 사상 최악의 위기를 맞이한 인간들. 지구의 최상위 포식자 자리를 걸고 인간과 공룡의 최후의 사투가 펼쳐진다.",
            "poster_path": "/odxdUZWZ7fBfy3ZRj063wuJnZvo.jpg",
            "release_date": "2022-06-01",
            "title": "쥬라기 월드: 도미니언",
            "vote_average": 0
        },
        "model": "rates.movierate",
        "pk": 43
    },
    {
        "fields": {
            "genre_ids": [
                12,
                28,
                14
            ],
            "overview": "윌 터너는 죽은 자들을 저승으로 인도하는 플라잉 더치맨호의 선장이다. 뭍에는 일년에 한번밖에 올라오지 못하고, 평생 바다 속에서 지낼 운명에 처해 있다. 윌 터너의 아들, 헨리 터너는 아버지의 저주를 풀기위해 바다 전설을 섭렵했다. 그가 찾은 해결책은 포세이돈의 삼지창을 찾는 것이다. 헨리는 자신을 도와줄 캡틴 잭 스패로우를 찾아 전세계 바다를 떠돈다. 잭 스패로우를 찾는 이는 또 있다. 악마의 삼각지대에 발이 묶인 채 좀비가 되어버린 캡틴 살라자르 일당이 그들인데...",
            "poster_path": "/arcIFL50IPQT7JDG2SD6tzcOlRL.jpg",
            "release_date": "2017-05-24",
            "title": "캐리비안의 해적: 죽은 자는 말이 없다",
            "vote_average": 6.6
        },
        "model": "rates.movierate",
        "pk": 44
    },
    {
        "fields": {
            "genre_ids": [
                28,
                12,
                14
            ],
            "overview": "최고의 사망률을 자랑하는 벨 리브 교도소. 미국 정보국 월러 국장(비올라 데이비스)은 태스크 포스 X라는 극비 군사 작전팀을 꾸리기 위해 이곳에 왔다. 그녀는 수감 중인 슈퍼 빌런들을 팀에 합류시키기 위해 사면이나 감형을 조건으로 제시한다. 또한 만약을 대비해 언제라도 이들을 처형할 수 있게 머리에 폭탄도 심어놓는다. 우여곡절 끝에 완성된 팀은 두개로 나뉘어 남미의 작은 섬나라 코르토 몰티즈로 향한다. 이들의 임무는 이 섬에 위치한 요툰하임이라는 비밀 연구실에 잠입해 스타피쉬의 흔적을 없애는 것. 각기 다른 해안가에 도착한 두 팀은 상반된 상황을 맞이한다.",
            "poster_path": "/1FiLuxuowOusZAG1vvI4TorMuNG.jpg",
            "release_date": "2021-08-05",
            "title": "더 수어사이드 스쿼드",
            "vote_average": 7.7
        },
        "model": "rates.movierate",
        "pk": 45
    },
    {
        "fields": {
            "genre_ids": [
                80,
                18,
                53
            ],
            "overview": "성공에 목마르고 욕망으로 가득 찬 스탠턴은 절박한 상황에서 유랑극단에서 만난 독심술사 지나를 이용하여 사람의 마음을 간파하는 기술을 터득한다. 수려한 외모, 현란한 화술, 마음을 현혹시키는 능력으로 뉴욕 상류층 상대로 부를 손에 쥐게 된 스탠턴. 채워지지 않는 그의 위험한 욕망을 꿰뚫어 본 심리학자 릴리스 박사는 뉴욕에서 가장 위험한 거물을 그에게 소개해 주는데…",
            "poster_path": "/deXmuqfCyXRVbwdSMo5sctgXh1i.jpg",
            "release_date": "2022-02-23",
            "title": "나이트메어 앨리",
            "vote_average": 7
        },
        "model": "rates.movierate",
        "pk": 46
    },
    {
        "fields": {
            "genre_ids": [
                10751,
                16,
                35,
                878
            ],
            "overview": "농구를 하기 싫다며 투정하는 아들이 갑자기 사라지고, 매트릭스 같은 공간으로 빨려 들어간 아빠 킹 제임스 앞에 나타난 도메인의 왕은 아들을 만나려면 자신과의 농구 경기에서 이겨야 한다는 것! 워너 3000 엔터테인먼트 서버버스의 ‘툰 월드’에 떨어진 킹 제임스는 아들을 되찾기 위해 루니 툰 캐릭터들과 드림팀을 결성, 군 스쿼드와 시합을 펼치는데… 놀랄 준비 완료? 지금부터 게임의 룰이 바뀐다, 레디 플레이어 원!",
            "poster_path": "/bWgZVEUc3V2Yd1Tz4jdsy6jULv4.jpg",
            "release_date": "2021-07-15",
            "title": "스페이스 잼: 새로운 시대",
            "vote_average": 7
        },
        "model": "rates.movierate",
        "pk": 47
    },
    {
        "fields": {
            "genre_ids": [
                28,
                53
            ],
            "overview": "인류를 위협하는 사상 초유의 위기 발생! 글로벌 범죄조직에 의해 전 세계 국가 시스템을 초토화시킬 일급 기밀 무기를 도난당하는 사건이 발생하고 CIA 요원 '메이슨'(제시카 차스테인)은 전 세계 최정예 블랙 에이전트를 모아 TEAM'355'를 결성한다. 하나의 목표를 위해 원팀이 된 TEAM'355'는 역대급 미션을 수행하기 위한 비공식 합동작전에 돌입하는데... 월드클래스 블랙 에이전트 TEAM'355' 드디어 그들이 움직인다!",
            "poster_path": "/eslClvADdJlVcTH144efvPZAelo.jpg",
            "release_date": "2022-02-09",
            "title": "355",
            "vote_average": 6
        },
        "model": "rates.movierate",
        "pk": 48
    },
    {
        "fields": {
            "genre_ids": [
                27,
                9648,
                53
            ],
            "overview": "1981년, 미국 역사상 최초로 잔혹한 살인사건의 용의자가 악마가 살해하도록 시켰다고 주장하는 초유의 사태가 일어난다. 그리고 사건의 배후에는 악마에게 빙의된 소년이 있다. 살인사건의 범인은 인간인가 악마인가…",
            "poster_path": "/yxPlLa5p54Wk1o2koiW4hqn4wfG.jpg",
            "release_date": "2021-06-03",
            "title": "컨저링 3: 악마가 시켰다",
            "vote_average": 7.6
        },
        "model": "rates.movierate",
        "pk": 49
    },
    {
        "fields": {
            "genre_ids": [
                28,
                80,
                53,
                12
            ],
            "overview": "평화로운 은둔생활을 즐기고 있는 도미닉(빈 디젤)에게 또 다른 적이 나타난다. 미스터 노바디(커트 러셀)가 실종되면서 남긴 마지막 메시지를 쫓아가던 돔 패밀리 앞에 돔의 친동생 제이콥(존 시나)이 나타나 비밀이 담긴 박스를 탈취해간 것이다. 제이콥이 테러리스트 사이퍼(샤를리즈 테론)를 이용해 전세계를 위험에 빠트릴 계획을 꾸미고 있음을 알게 된 도미닉은 동생의 폭주를 막고 잘못된 과거를 바로잡기 위해 일어선다. 돌아온 오리지널 멤버 한(성 강) 등과 함께 다시 부활한 돔 패밀리의 반격의 막이 오른다.",
            "poster_path": "/szGpS43AM11mGzTdxFQ5wOis3EH.jpg",
            "release_date": "2021-05-19",
            "title": "분노의 질주: 더 얼티메이트",
            "vote_average": 7.3
        },
        "model": "rates.movierate",
        "pk": 50
    }
]